test,execution,fee,rebalance_offset,top_k,return,max_drawdown,sharpe,turnover
execution_cost,close,0.001,0,10,0.6930277204634343,-0.22299245463322537,1.3762066624579081,6.453913220515274
execution_cost,close,0.002,0,10,0.6821232061872284,-0.22349724372013513,1.3613801035824487,6.453913220515274
execution_cost,close,0.005,0,10,0.6497779179538781,-0.22501161098086553,1.316487989773199,6.453913220515274
execution_cost,next_open,0.001,0,10,0.6576369375834183,-0.2218311287159338,1.3297193036178117,6.42628764508358
execution_cost,next_open,0.002,0,10,0.6470059484168615,-0.22233355117501052,1.3148235237114554,6.42628764508358
execution_cost,next_open,0.005,0,10,0.6154703542483548,-0.22384081855224214,1.269748476404232,6.42628764508358
schedule_offset,next_open,0.001,0,10,0.6576369375834183,-0.2218311287159338,1.3297193036178117,6.42628764508358
schedule_offset,next_open,0.001,1,10,0.8050912843865832,-0.2224860902247775,1.5010431995317783,6.323002985797293
schedule_offset,next_open,0.001,2,10,0.6856424672823,-0.23704488194024198,1.2724143655747862,6.446266298547218
schedule_offset,next_open,0.001,3,10,0.8185632802858542,-0.238233311236685,1.396769552139903,6.475828912777586
schedule_offset,next_open,0.001,4,10,0.8714898943567959,-0.22949855256890406,1.4608920182470444,6.1776969233304735
schedule_offset,next_open,0.001,5,10,0.9510745655842727,-0.1945763275532112,1.5519418042807172,6.393134594089268
schedule_offset,next_open,0.001,6,10,0.8772585260136727,-0.21618486455423946,1.4727333891419923,5.995686287717189
schedule_offset,next_open,0.001,7,10,0.9625181260911115,-0.21961652994932168,1.5569964581245141,5.712064710742275
schedule_offset,next_open,0.001,8,10,0.9269712091166953,-0.2375259336358282,1.4906050755610711,5.816448782052719
schedule_offset,next_open,0.001,9,10,0.6175820728305934,-0.23453912382480402,1.1977044621441484,6.257460342004374
schedule_offset,next_open,0.001,10,10,0.4587329467999006,-0.23994686210216642,0.9959169428056949,6.608253660796525
schedule_offset,next_open,0.001,11,10,0.5245571903786244,-0.24191752897825614,1.0569799005459515,6.127073364231022
schedule_offset,next_open,0.001,12,10,0.5715951329245319,-0.2194791387574767,1.1517922198834027,5.923044728432565
schedule_offset,next_open,0.001,13,10,0.669441800018576,-0.21284416314138443,1.2332655237103538,6.043599900737819
schedule_offset,next_open,0.001,14,10,0.5953324284429897,-0.2099950063231124,1.1662597396652923,6.204896720615158
schedule_offset,next_open,0.001,15,10,0.6707326264539619,-0.19582640070250157,1.2612938588749416,5.365195327703571
schedule_offset,next_open,0.001,16,10,0.6883907644838829,-0.20599223740855932,1.281075306794134,5.466407230691776
schedule_offset,next_open,0.001,17,10,0.8385314025348762,-0.211456247368504,1.423863774410396,6.25503905603353
schedule_offset,next_open,0.001,18,10,0.8711264429719412,-0.2244599373920212,1.4570411824346152,5.654138873000184
schedule_offset,next_open,0.001,19,10,0.6198511152459136,-0.2333244282993293,1.173367118662771,6.755940909305828
schedule_offset,next_open,0.001,20,10,0.44007730610569684,-0.21426680009792598,0.9787019234041437,6.430751140102345
schedule_offset,next_open,0.001,21,10,0.5955332978552763,-0.23511648732580603,1.1842323124229337,6.386255124016124
schedule_offset,next_open,0.001,22,10,0.5097529383439425,-0.25724156481118676,1.021646033679939,6.564249410293108
schedule_offset,next_open,0.001,23,10,0.2443951039779797,-0.24288012166576867,0.6563270662726449,6.161809723281322
schedule_offset,next_open,0.001,24,10,0.4857343185721201,-0.24123061730309658,1.017858363667578,6.299410178906341
schedule_offset,next_open,0.001,25,10,0.4379136702884687,-0.2228458089053259,0.9829313094749014,5.938693851912158
schedule_offset,next_open,0.001,26,10,0.5293847473635411,-0.2182691632869871,1.1019158586968767,5.337147251040837
schedule_offset,next_open,0.001,27,10,0.5463764910466136,-0.21458299673551307,1.1972378478241883,5.455323091937002
schedule_offset,next_open,0.001,28,10,0.6769748990755382,-0.2551946463704592,1.2580308083501475,5.490060356207108
schedule_offset,next_open,0.001,29,10,0.5987340568810855,-0.2552636354353476,1.1504622909959779,4.774538313942377
schedule_offset,next_open,0.001,30,10,0.6096522358999632,-0.26114963843420047,1.1347581058323746,4.551637823031671
schedule_offset,next_open,0.001,31,10,0.4364907121487407,-0.2586293360316544,0.9677747297978089,4.819560492337617
schedule_offset,next_open,0.001,32,10,0.6154887093006551,-0.2387955220942246,1.186946390035764,5.336285734567364
schedule_offset,next_open,0.001,33,10,0.6303497631758652,-0.21151987307575848,1.1935720552299187,5.024196442459187
schedule_offset,next_open,0.001,34,10,0.8750102352986797,-0.20134006838478935,1.550983229608945,4.297046354583954
schedule_offset,next_open,0.001,35,10,0.8929398688819172,-0.1695829842113178,1.5518630471900352,4.036164137686361
schedule_offset,next_open,0.001,36,10,0.6849214440380682,-0.16863041110739696,1.3503147653726348,4.589560015034452
schedule_offset,next_open,0.001,37,10,0.6754794567271363,-0.17240240329837975,1.3412465817567873,5.612958784924227
schedule_offset,next_open,0.001,38,10,0.6946515289244155,-0.1589567505133327,1.3714839816642224,4.992646481185118
schedule_offset,next_open,0.001,39,10,0.7126054198012897,-0.14134165708559554,1.523282472217898,5.23572459961882
concentration,next_open,0.001,0,5,1.1296806481201833,-0.26214904599200595,1.4494302037089972,8.148651507327356
concentration,next_open,0.001,0,8,0.7337723082569925,-0.24047575521813425,1.3138475156515579,6.886051429412831
concentration,next_open,0.001,0,10,0.6576369375834183,-0.2218311287159338,1.3297193036178117,6.42628764508358
concentration,next_open,0.001,0,12,0.6345784546016968,-0.2200773898652546,1.3221415496251347,6.134667561200676
concentration,next_open,0.001,0,15,0.6363575770065697,-0.233016311160671,1.3421515558530464,5.032164250212112
concentration,next_open,0.001,0,20,0.6510811889977364,-0.19067753983585045,1.5896235500991402,4.003628503904045
